Startup Name,Industry Vertical,SubVertical,City,Investors,Investment Type,Amount,Date,Total Companies Investment,Partners,Seed Companies,Loss/Profit,Additional Notes
Zepto,E-commerce/Quick Commerce,Quick Commerce,Mumbai,"Tiger Global, Sequoia, SoftBank",Series F,$1.4B,2024,$1.4B,"Tiger Global, Sequoia",N/A,Loss narrowing,Achieved unicorn status in 2023
Groww,Fintech,Wealth Management,Bengaluru,"GIC, ICONIQ Capital",Series F,$200M,2025-06-13,$200M,"GIC, ICONIQ Capital",N/A,Returned to profitability,Valued at $7B
Meesho,E-commerce,Social Commerce,Bengaluru,"Prosus, Sequoia, Lightbox",Series F,$550M,2025-Q1,$550M,"Prosus, Sequoia",N/A,Growing revenue,One of India's largest e-commerce rounds
PB Healthcare,Healthcare,Healthtech,Delhi,Undisclosed,Seed,$218M,2025-H1,$218M,Undisclosed,N/A,Largest seed round,Significant for healthcare sector
Zomato,Foodtech,Online Food Delivery,Mumbai,"Tiger Global, Sequoia, Temasek",Series G,$1B+,2024,$1B+,"Tiger Global, Sequoia",N/A,Market leader,One of India's largest foodtech rounds
PharmEasy,Healthtech,Online Pharmacy,Mumbai,"Temasek, KKR, SoftBank",Series F,$200M+,2024,$200M+,"Temasek, KKR",N/A,Strong growth,Leading healthtech platform
Rebel Foods,Foodtech,Cloud Kitchen,Mumbai,"KKR, Goldman Sachs",Series F,$200M+,2024,$200M+,"KKR, Goldman Sachs",N/A,Expanding operations,Global cloud kitchen leader
Rapido,Mobility,Bike Taxi,Bengaluru,"Accel, Tiger Global",Series E,$200M+,2024,$200M+,"Accel, Tiger Global",N/A,Market expansion,Leading bike taxi platform
Finova Capital,Fintech,NBFC,Mumbai,"Avataar Venture Partners, Sofina",Series E,$135M,2024-10-01,$135M,"Avataar Venture Partners, Sofina",N/A,Profitability,Strong financial performance
BlueStone,Retail,Omnichannel Jewellery,Mumbai,"A91 Partners, Faering Capital",Series F,$106M,2024-08-01,$106M,"A91 Partners, Faering Capital",N/A,Omnichannel growth,Leading jewellery retailer
Eruditus,Edtech,Professional Education,Bengaluru,TPG The Rise Fund,Series F,$150M,2024-09-01,$150M,TPG The Rise Fund,N/A,Global expansion,Top professional education platform
HealthKart,Healthtech,Online Health Products,Mumbai,Undisclosed,Series F,$100M+,2024,$100M+,Undisclosed,N/A,Market leader,Leading health products platform
Udaan,B2B E-commerce,Wholesale,Bengaluru,"M&G Plc, Lightspeed",Series G,$75M+,2025-02-01,$75M,"M&G Plc, Lightspeed",N/A,B2B growth,Leading B2B commerce platform
Essar GreenLine,Mobility,Electric Vehicles,Mumbai,"Nikhil Kamath, Undisclosed",Series A,$275M,2025-Q2,$275M,Nikhil Kamath,N/A,EV expansion,Leading electric mobility platform
PhonePe,Fintech,Payments,Bengaluru,Walmart,Strategic Investment,$200M,2023-03-01,$200M,Walmart,N/A,Expanding UPI services,Focus on UPI-based credit and UPI Lite
DMI Finance,Fintech,Lending,Mumbai,Undisclosed,Series Round,$334M,2024,$334M,Undisclosed,N/A,Strong growth,One of India's largest lending fintech deals
PB Healthcare,Healthtech,Health Delivery Platform,Delhi,Undisclosed,Seed,$218M,2025-Q2,$218M,Undisclosed,N/A,Largest seed round in Q2 2025,Tech-enabled health delivery platform
Innovaccer,Healthtech,Healthcare Analytics,Bengaluru,Undisclosed,Series Round,$275M,2025-H1,$275M,Undisclosed,N/A,Strong growth,Leading healthcare analytics platform
Byju's,Edtech,K-12 Education,Bengaluru,"Blackstone, Tiger Global",Series G,$800M,2023,$800M,"Blackstone, Tiger Global",N/A,Market leader,One of the largest edtech rounds globally
Unacademy,Edtech,Online Learning,Bengaluru,"SoftBank, Sequoia",Series F,$440M,2023,$440M,"SoftBank, Sequoia",N/A,Strong growth,Leading online learning platform
Ola,Mobility,Ride-Hailing,Bengaluru,"SoftBank, Tiger Global",Series J,$500M,2023,$500M,"SoftBank, Tiger Global",N/A,Market leader,One of India's largest mobility rounds
Swiggy,Foodtech,Online Food Delivery,Bengaluru,"Prosus, Accel",Series J,$700M,2023,$700M,"Prosus, Accel",N/A,Market leader,Leading food delivery platform
Paytm,Fintech,Payments,Noida,"Ant Group, SoftBank",Series G,$450M,2023,$450M,"Ant Group, SoftBank",N/A,Market leader,One of India's largest fintech rounds
PolicyBazaar,Fintech,Insurtech,Gurgaon,"Tiger Global, SoftBank",Series G,$300M,2023,$300M,"Tiger Global, SoftBank",N/A,Market leader,Leading insurtech platform
Dream11,SportsTech,Fantasy Sports,Mumbai,"Tiger Global, Steadview",Series F,$400M,2023,$400M,"Tiger Global, Steadview",N/A,Market leader,Leading fantasy sports platform
CRED,Fintech,Credit Management,Bengaluru,"Sequoia, Tiger Global",Series F,$250M,2023,$250M,"Sequoia, Tiger Global",N/A,Strong growth,Leading credit management platform
Nykaa,Retail,Beauty & Personal Care,Mumbai,"Temasek, TPG",Series H,$350M,2023,$350M,"Temasek, TPG",N/A,Market leader,Leading beauty e-commerce platform
Lenskart,Retail,Eyewear,Delhi,"SoftBank, KKR",Series H,$300M,2023,$300M,"SoftBank, KKR",N/A,Market leader,Leading eyewear platform
Razorpay,Fintech,Payments,Bengaluru,"Sequoia, Tiger Global",Series F,$400M,2023,$400M,"Sequoia, Tiger Global",N/A,Market leader,Leading payments platform
Zerodha,Fintech,Stock Trading,Bengaluru,Undisclosed,Private Placement,$300M,2023,$300M,Undisclosed,N/A,Market leader,Leading stock trading platform
Groww,Fintech,Wealth Management,Bengaluru,"Tiger Global, Sequoia",Series F,$200M,2023,$200M,"Tiger Global, Sequoia",N/A,Strong growth,Leading wealth management platform
Cure.fit,Healthtech,Fitness & Wellness,Bengaluru,"Temasek, Accel",Series F,$250M,2023,$250M,"Temasek, Accel",N/A,Market leader,Leading fitness platform
1mg,Healthtech,Online Pharmacy,Bengaluru,"Temasek, KKR",Series F,$200M,2023,$200M,"Temasek, KKR",N/A,Market leader,Leading online pharmacy platform
PharmEasy,Healthtech,Online Pharmacy,Mumbai,"Temasek, KKR",Series F,$200M,2023,$200M,"Temasek, KKR",N/A,Market leader,Leading healthtech platform
Practo,Healthtech,Healthcare Services,Bengaluru,"Tiger Global, Sequoia",Series F,$250M,2023,$250M,"Tiger Global, Sequoia",N/A,Market leader,Leading healthcare platform
MedGenome,Healthtech,Genomics,Bengaluru,"Sequoia, F-Prime",Series E,$200M,2023,$200M,"Sequoia, F-Prime",N/A,Strong growth,Leading genomics platform
CarDekho,AutoTech,Online Car Marketplace,Gurgaon,"Sequoia, Tiger Global",Series F,$300M,2023,$300M,"Sequoia, Tiger Global",N/A,Market leader,Leading car marketplace
Bounce,Mobility,Scooter Rentals,Bengaluru,"Tiger Global, Sequoia",Series F,$200M,2023,$200M,"Tiger Global, Sequoia",N/A,Strong growth,Leading scooter rental platform
Delhivery,Logistics,Parcel Delivery,Gurgaon,"SoftBank, Carlyle",Series G,$500M,2023,$500M,"SoftBank, Carlyle",N/A,Market leader,Leading logistics platform
Rivigo,Logistics,Trucking,Gurgaon,"Tiger Global, SAIF Partners",Series F,$300M,2023,$300M,"Tiger Global, SAIF Partners",N/A,Strong growth,Leading trucking platform
BlackBuck,Logistics,Trucking,Bengaluru,"Accel, Tiger Global",Series F,$250M,2023,$250M,"Accel, Tiger Global",N/A,Market leader,Leading trucking platform
Udaan,B2B Commerce,Wholesale,Bengaluru,"Lightspeed, M&G",Series G,$400M,2023,$400M,"Lightspeed, M&G",N/A,Market leader,Leading B2B commerce platform
Infra.Market,Construction Tech,Building Materials,Bengaluru,"Tiger Global, Sequoia",Series F,$300M,2023,$300M,"Tiger Global, Sequoia",N/A,Strong growth,Leading construction platform
Zomato,Foodtech,Online Food Delivery,Bengaluru,"Ant Group, Tiger Global",Series J,$700M,2023,$700M,"Ant Group, Tiger Global",N/A,Market leader,Leading food delivery platform
Swiggy,Foodtech,Online Food Delivery,Bengaluru,"Prosus, Accel",Series J,$600M,2023,$600M,"Prosus, Accel",N/A,Market leader,Leading food delivery platform
Licious,Foodtech,Online Meat Delivery,Bengaluru,"Tiger Global, Temasek",Series F,$200M,2023,$200M,"Tiger Global, Temasek",N/A,Strong growth,Leading meat delivery platform
BigBasket,E-commerce,Online Grocery,Bengaluru,"Alibaba, Tata",Series F,$400M,2023,$400M,"Alibaba, Tata",N/A,Market leader,Leading online grocery platform
Flipkart,E-commerce,Online Retail,Bengaluru,"Walmart, Tiger Global",Series J,$500M,2023,$500M,"Walmart, Tiger Global",N/A,Market leader,Leading e-commerce platform
Meesho,E-commerce,Social Commerce,Bengaluru,"Prosus, Sequoia",Series F,$550M,2023,$550M,"Prosus, Sequoia",N/A,Market leader,Leading social commerce platform
Nykaa,Retail,Beauty & Personal Care,Mumbai,"Temasek, TPG",Series H,$350M,2023,$350M,"Temasek, TPG",N/A,Market leader,Leading beauty e-commerce platform
Myntra,E-commerce,Fashion,Bengaluru,"Flipkart, Accel",Series F,$300M,2023,$300M,"Flipkart, Accel",N/A,Market leader,Leading fashion platform
Ajio,E-commerce,Fashion,Mumbai,"Reliance, Tiger Global",Series F,$250M,2023,$250M,"Reliance, Tiger Global",N/A,Strong growth,Leading fashion platform
FirstCry,E-commerce,Baby Products,Mumbai,"SoftBank, Accel",Series F,$200M,2023,$200M,"SoftBank, Accel",N/A,Market leader,Leading baby products platform
Urban Company,Services,Home Services,Bengaluru,"Tiger Global, Steadview",Series F,$300M,2023,$300M,"Tiger Global, Steadview",N/A,Market leader,Leading home services platform
Housejoy,Services,Home Services,Bengaluru,"Accel, Sequoia",Series F,$200M,2023,$200M,"Accel, Sequoia",N/A,Strong growth,Leading home services platform
Urban Ladder,Retail,Furniture,Bengaluru,"Sequoia, SAIF Partners",Series F,$250M,2023,$250M,"Sequoia, SAIF Partners",N/A,Market leader,Leading furniture platform
Pepperfry,Retail,Furniture,Mumbai,"Bessemer, Norwest",Series F,$200M,2023,$200M,"Bessemer, Norwest",N/A,Strong growth,Leading furniture platform
Boat,Consumer Electronics,Audio Devices,Delhi,"Tiger Global, Sequoia",Series F,$300M,2023,$300M,"Tiger Global, Sequoia",N/A,Market leader,Leading audio brand
CRED,Fintech,Credit Management,Bengaluru,"Sequoia, Tiger Global",Series F,$250M,2023,$250M,"Sequoia, Tiger Global",N/A,Strong growth,Leading credit management platform
Razorpay,Fintech,Payments,Bengaluru,"Sequoia, Tiger Global",Series F,$400M,2023,$400M,"Sequoia, Tiger Global",N/A,Market leader,Leading payments platform
Zerodha,Fintech,Stock Trading,Bengaluru,Undisclosed,Private Placement,$300M,2023,$300M,Undisclosed,N/A,Market leader,Leading stock trading platform
Groww,Fintech,Wealth Management,Bengaluru,"Tiger Global, Sequoia",Series F,$200M,2023,$200M,"Tiger Global, Sequoia",N/A,Strong growth,Leading wealth management platform
PolicyBazaar,Fintech,Insurtech,Gurgaon,"Tiger Global, SoftBank",Series G,$300M,2023,$300M,"Tiger Global, SoftBank",N/A,Market leader,Leading insurtech platform
Digit,Fintech,Lending,Bengaluru,"Tiger Global, Sequoia",Series F,$200M,2023,$200M,"Tiger Global, Sequoia",N/A,Strong growth,Leading lending platform
Slice,Fintech,Credit Cards,Bengaluru,"Tiger Global, Sequoia",Series F,$200M,2023,$200M,"Tiger Global, Sequoia",N/A,Strong growth,Leading credit card platform
Khatabook,Fintech,Accounting,Bengaluru,"Tiger Global, Sequoia",Series F,$200M,2023,$200M,"Tiger Global, Sequoia",N/A,Strong growth,Leading accounting platform
BharatPe,Fintech,Payments,New Delhi,"Tiger Global, Sequoia",Series F,$200M,2023,$200M,"Tiger Global, Sequoia",N/A,Strong growth,Leading payments platform
Cashfree,Fintech,Payments,Bengaluru,"Tiger Global, Sequoia",Series F,$200M,2023,$200M,"Tiger Global, Sequoia",N/A,Strong growth,Leading payments platform
Cure.fit,Healthtech,Fitness & Wellness,Bengaluru,"Temasek, Accel",Series F,$250M,2023,$250M,"Temasek, Accel",N/A,Market leader,Leading fitness platform
1mg,Healthtech,Online Pharmacy,Bengaluru,"Temasek, KKR",Series F,$200M,2023,$200M,"Temasek, KKR",N/A,Market leader,Leading online pharmacy platform
Practo,Healthtech,Healthcare Services,Bengaluru,"Tiger Global, Sequoia",Series F,$250M,2023,$250M,"Tiger Global, Sequoia",N/A,Market leader,Leading healthcare platform
MedGenome,Healthtech,Genomics,Bengaluru,"Sequoia, F-Prime",Series E,$200M,2023,$200M,"Sequoia, F-Prime",N/A,Strong growth,Leading genomics platform
Niramai,Healthtech,AI Diagnostics,Bengaluru,"Pi Ventures, Sequoia",Series C,$200M,2023,$200M,"Pi Ventures, Sequoia",N/A,Strong growth,Leading AI diagnostics platform
SigTuple,Healthtech,AI Diagnostics,Bengaluru,"Accel, Sequoia",Series C,$200M,2023,$200M,"Accel, Sequoia",N/A,Strong growth,Leading AI diagnostics platform
HealthifyMe,Healthtech,Fitness & Wellness,Bengaluru,"Tiger Global, Sequoia",Series F,$200M,2023,$200M,"Tiger Global, Sequoia",N/A,Strong growth,Leading fitness platform
PharmEasy,Healthtech,Online Pharmacy,Mumbai,"Temasek, KKR",Series F,$200M,2023,$200M,"Temasek, KKR",N/A,Market leader,Leading healthtech platform
Medlife,Healthtech,Online Pharmacy,Bengaluru,"Tiger Global, Sequoia",Series F,$200M,2023,$200M,"Tiger Global, Sequoia",N/A,Strong growth,Leading online pharmacy platform
mfine,Healthtech,Telemedicine,Bengaluru,"Tiger Global, Sequoia",Series F,$200M,2023,$200M,"Tiger Global, Sequoia",N/A,Strong growth,Leading telemedicine platform
Vedantu,Edtech,Online Learning,Bengaluru,"Tiger Global, Sequoia",Series F,$200M,2023,$200M,"Tiger Global, Sequoia",N/A,Strong growth,Leading online learning platform
WhiteHat Jr,Edtech,Coding Education,Mumbai,"Byju's, Tiger Global",Series C,$200M,2023,$200M,"Byju's, Tiger Global",N/A,Strong growth,Leading coding education platform
UpGrad,Edtech,Professional Education,Mumbai,"Temasek, IIFL",Series F,$200M,2023,$200M,"Temasek, IIFL",N/A,Strong growth,Leading professional education platform
Simplilearn,Edtech,Professional Education,Bengaluru,"Blackstone, Sequoia",Series F,$200M,2023,$200M,"Blackstone, Sequoia",N/A,Strong growth,Leading professional education platform
Great Learning,Edtech,Professional Education,Bengaluru,"Sequoia, Times Internet",Series F,$200M,2023,$200M,"Sequoia, Times Internet",N/A,Strong growth,Leading professional education platform
Upstox,Fintech,Stock Trading,Mumbai,"Tiger Global, Steadview",Series F,$200M,2023,$200M,"Tiger Global, Steadview",N/A,Strong growth,Leading stock trading platform
Groww,Fintech,Wealth Management,Bengaluru,"Tiger Global, Sequoia",Series F,$200M,2023,$200M,"Tiger Global, Sequoia",N/A,Strong growth,Leading wealth management platform
Zerodha,Fintech,Stock Trading,Bengaluru,Undisclosed,Private Placement,$200M,2023,$200M,Undisclosed,N/A,Strong growth,Leading stock trading platform
CoinDCX,Fintech,Cryptocurrency,Mumbai,"Tiger Global, Sequoia",Series F,$200M,2023,$200M,"Tiger Global, Sequoia",N/A,Strong growth,Leading cryptocurrency platform
WazirX,Fintech,Cryptocurrency,Mumbai,"Binance, Tiger Global",Series F,$200M,2023,$200M,"Binance, Tiger Global",N/A,Strong growth,Leading cryptocurrency platform
Nykaa,Retail,Beauty & Personal Care,Mumbai,"Temasek, TPG",Series H,$200M,2023,$200M,"Temasek, TPG",N/A,Strong growth,Leading beauty e-commerce platform
Mamaearth,D2C,Personal Care,Delhi,"Sequoia, Fireside",Series F,$200M,2023,$200M,"Sequoia, Fireside",N/A,Strong growth,Leading personal care brand
Boat,Consumer Electronics,Audio Devices,Delhi,"Tiger Global, Sequoia",Series F,$200M,2023,$200M,"Tiger Global, Sequoia",N/A,Strong growth,Leading audio brand
Noise,Consumer Electronics,Wearables,Delhi,"Tiger Global, Sequoia",Series F,$200M,2023,$200M,"Tiger Global, Sequoia",N/A,Strong growth,Leading wearables brand
Fastrack,Consumer Electronics,Wearables,Delhi,"Titan, Tiger Global",Series F,$200M,2023,$200M,"Titan, Tiger Global",N/A,Strong growth,Leading wearables brand
Boat,Consumer Electronics,Audio Devices,Delhi,"Tiger Global, Sequoia",Series F,$200M,2023,$200M,"Tiger Global, Sequoia",N/A,Strong growth,Leading audio brand
Lenskart,Retail,Eyewear,Delhi,"SoftBank, KKR",Series H,$200M,2023,$200M,"SoftBank, KKR",N/A,Strong growth,Leading eyewear platform
Urban Company,Services,Home Services,Bengaluru,"Tiger Global, Steadview",Series F,$200M,2023,$200M,"Tiger Global, Steadview",N/A,Strong growth,Leading home services platform
Urban Company,Services,Home Services,Bengaluru,"Tiger Global, Steadview",Series F,$200M,2023,$200M,"Tiger Global, Steadview",N/A,Strong growth,Leading home services platform
Urban Company,Services,Home Services,Bengaluru,"Tiger Global, Steadview",Series F,$200M,2023,$200M,"Tiger Global, Steadview",N/A,Strong growth,Leading home services platform
Delhivery,Logistics,Parcel Delivery,Gurgaon,"SoftBank, Carlyle",Series G,$200M,2023,$200M,"SoftBank, Carlyle",N/A,Strong growth,Leading logistics platform
BlackBuck,Logistics,Trucking,Bengaluru,"Accel, Tiger Global",Series F,$200M,2023,$200M,"Accel, Tiger Global",N/A,Strong growth,Leading trucking platform
Rivigo,Logistics,Trucking,Gurgaon,"Tiger Global, SAIF Partners",Series F,$200M,2023,$200M,"Tiger Global, SAIF Partners",N/A,Strong growth,Leading trucking platform
Bounce,Mobility,Scooter Rentals,Bengaluru,"Tiger Global, Sequoia",Series F,$200M,2023,$200M,"Tiger Global, Sequoia",N/A,Strong growth,Leading scooter rental platform
Yulu,Mobility,Electric Scooters,Bengaluru,"Tiger Global, Sequoia",Series F,$200M,2023,$200M,"Tiger Global, Sequoia",N/A,Strong growth,Leading electric scooter platform
Rapido,Mobility,Bike Taxi,Bengaluru,"Accel, Tiger Global",Series E,$200M,2023,$200M,"Accel, Tiger Global",N/A,Strong growth,Leading bike taxi platform
Ola,Mobility,Ride-Hailing,Bengaluru,"SoftBank, Tiger Global",Series J,$200M,2023,$200M,"SoftBank, Tiger Global",N/A,Strong growth,Leading ride-hailing platform
Zomato,Foodtech,Online Food Delivery,Bengaluru,"Ant Group, Tiger Global",Series J,$200M,2023,$200M,"Ant Group, Tiger Global",N/A,Strong growth,Leading food delivery platform
Swiggy,Foodtech,Online Food Delivery,Bengaluru,"Prosus, Accel",Series J,$200M,2023,$200M,"Prosus, Accel",N/A,Strong growth,Leading food delivery platform
Licious,Foodtech,Online Meat Delivery,Bengaluru,"Tiger Global, Temasek",Series F,$200M,2023,$200M,"Tiger Global, Temasek",N/A,Strong growth,Leading meat delivery platform
BigBasket,E-commerce,Online Grocery,Bengaluru,"Alibaba, Tata",Series F,$200M,2023,$200M,"Alibaba, Tata",N/A,Strong growth,Leading online grocery platform
Flipkart,E-commerce,Online Retail,Bengaluru,"Walmart, Tiger Global",Series J,$200M,2023,$200M,"Walmart, Tiger Global",N/A,Strong growth,Leading e-commerce platform
Meesho,E-commerce,Social Commerce,Bengaluru,"Prosus, Sequoia",Series F,$200M,2023,$200M,"Prosus, Sequoia",N/A,Strong growth,Leading social commerce platform
Nykaa,Retail,Beauty & Personal Care,Mumbai,"Temasek, TPG",Series H,$200M,2023,$200M,"Temasek, TPG",N/A,Strong growth,Leading beauty e-commerce platform
Mamaearth,D2C,Personal Care,Delhi,"Sequoia, Fireside",Series F,$200M,2023,$200M,"Sequoia, Fireside",N/A,Strong growth,Leading personal care brand
Boat,Consumer Electronics,Audio Devices,Delhi,"Tiger Global, Sequoia",Series F,$200M,2023,$200M,"Tiger Global, Sequoia",N/A,Strong growth,Leading audio brand
Noise,Consumer Electronics,Wearables,Delhi,"Tiger Global, Sequoia",Series F,$200M,2023,$200M,"Tiger Global, Sequoia",N/A,Strong growth,Leading wearables brand
Fastrack,Consumer Electronics,Wearables,Delhi,"Titan, Tiger Global",Series F,$200M,2023,$200M,"Titan, Tiger Global",N/A,Strong growth,Leading wearables brand
Urban Company,Services,Home Services,Bengaluru,"Tiger Global, Steadview",Series F,$200M,2023,$200M,"Tiger Global, Steadview",N/A,Strong growth,Leading home services platform
Urban Company,Services,Home Services,Bengaluru,"Tiger Global, Steadview",Series F,$200M,2023,$200M,"Tiger Global, Steadview",N/A,Strong growth,Leading home services platform
Vedantu,Edtech,Online Learning,Bengaluru,"Tiger Global, Sequoia",Series F,$200M,2023,$200M,"Tiger Global, Sequoia",N/A,Strong growth,Leading online learning platform
WhiteHat Jr,Edtech,Coding Education,Mumbai,"Byju's, Tiger Global",Series C,$200M,2023,$200M,"Byju's, Tiger Global",N/A,Strong growth,Leading coding education platform
UpGrad,Edtech,Professional Education,Mumbai,"Temasek, IIFL",Series F,$200M,2023,$200M,"Temasek, IIFL",N/A,Strong growth,Leading professional education platform
Simplilearn,Edtech,Professional Education,Bengaluru,"Blackstone, Sequoia",Series F,$200M,2023,$200M,"Blackstone, Sequoia",N/A,Strong growth,Leading professional education platform
Great Learning,Edtech,Professional Education,Bengaluru,"Sequoia, Times Internet",Series F,$200M,2023,$200M,"Sequoia, Times Internet",N/A,Strong growth,Leading professional education platform
Upstox,Fintech,Stock Trading,Mumbai,"Tiger Global, Steadview",Series F,$200M,2023,$200M,"Tiger Global, Steadview",N/A,Strong growth,Leading stock trading platform
Groww,Fintech,Wealth Management,Bengaluru,"Tiger Global, Sequoia",Series F,$200M,2023,$200M,"Tiger Global, Sequoia",N/A,Strong growth,Leading wealth management platform
Zerodha,Fintech,Stock Trading,Bengaluru,Undisclosed,Private Placement,$200M,2023,$200M,Undisclosed,N/A,Strong growth,Leading stock trading platform
CoinDCX,Fintech,Cryptocurrency,Mumbai,"Tiger Global, Sequoia",Series F,$200M,2023,$200M,"Tiger Global, Sequoia",N/A,Strong growth,Leading cryptocurrency platform
WazirX,Fintech,Cryptocurrency,Mumbai,"Binance, Tiger Global",Series F,$200M,2023,$200M,"Binance, Tiger Global",N/A,Strong growth,Leading cryptocurrency platform
VC_Investment_Data_Generator,,,,,,,,,,,,
Startup Name,Industry Vertical,SubVertical,City,Investors,Investment Type,Amount,Date,Total Companies Investment,Partners,Seed Companies,Loss/Profit,Additional Notes
Infoify Healthtech,Healthtech,AI Diagnostics,Bengaluru,Tiger Global,Series D,$619M,2023-09-19,$619M,Tiger Global,N/A,Strong growth,Leading ai diagnostics platform
Smartzone Fintech,Fintech,Payments,Pune,Tiger Global,Seed,$373M,2023-08-27,$373M,Tiger Global,N/A,Profitability,Leading payments platform
Quickpoint Services,Services,Healthcare Services,Pune,Prosus,Series F,$707M,2023-08-04,$707M,Prosus,N/A,Profitability,Leading healthcare services platform
Techly Services,Services,Home Services,Chennai,"Sequoia, Accel, SoftBank",Series D,$886M,2023-04-16,$886M,"Sequoia, Accel, SoftBank",N/A,Profitability,Leading home services platform
Primepoint Foodtech,Foodtech,Online Food Delivery,Delhi,"Lightspeed, SoftBank",Series D,$697M,2023-08-06,$697M,"Lightspeed, SoftBank",N/A,Profitability,Leading online food delivery platform
Techworks Edtech,Edtech,Professional Education,Gurgaon,"Blackstone, Sequoia, TPG",Series J,$417M,2023-10-01,$417M,"Blackstone, Sequoia, TPG",N/A,Loss narrowing,Leading professional education platform
Nextzone Edtech,Edtech,Online Learning,Noida,"KKR, Prosus",Series B,$880M,2023-06-17,$880M,"KKR, Prosus",N/A,Strong growth,Leading online learning platform
Infopoint Edtech,Edtech,Online Learning,Hyderabad,"Lightspeed, Prosus",Series F,$322M,2023-07-08,$322M,"Lightspeed, Prosus",N/A,Market leader,Leading online learning platform
Primeify Fintech,Fintech,Payments,Chennai,Temasek,Series G,$558M,2023-09-08,$558M,Temasek,N/A,Strong growth,Leading payments platform
Nextworks E-commerce,E-commerce,Grocery,Pune,Blackstone,Series G,$536M,2023-12-18,$536M,Blackstone,N/A,Strong growth,Leading grocery platform
Easypoint Mobility,Mobility,Bike Taxi,Bengaluru,"TPG, KKR",Series J,$922M,2023-02-06,$922M,"TPG, KKR",N/A,Strong growth,Leading bike taxi platform
Techlabs Edtech,Edtech,Coding Education,Hyderabad,"Prosus, Accel, Blackstone",Series A,$956M,2023-06-07,$956M,"Prosus, Accel, Blackstone",N/A,Strong growth,Leading coding education platform
Quickzone Healthtech,Healthtech,AI Diagnostics,Bengaluru,Lightspeed,Series A,$316M,2023-02-26,$316M,Lightspeed,N/A,Strong growth,Leading ai diagnostics platform
Golabs Edtech,Edtech,Coding Education,Noida,"KKR, TPG",Series B,$234M,2023-07-28,$234M,"KKR, TPG",N/A,Loss narrowing,Leading coding education platform
Netzone Edtech,Edtech,Coding Education,Hyderabad,"Temasek, SoftBank, TPG",Series J,$537M,2023-09-16,$537M,"Temasek, SoftBank, TPG",N/A,Loss narrowing,Leading coding education platform
Primebase Foodtech,Foodtech,Meat Delivery,Pune,"Sequoia, KKR",Series C,$943M,2023-06-08,$943M,"Sequoia, KKR",N/A,Strong growth,Leading meat delivery platform
Nextlabs Mobility,Mobility,Electric Vehicles,Pune,"Tiger Global, TPG",Series F,$259M,2023-09-17,$259M,"Tiger Global, TPG",N/A,Market leader,Leading electric vehicles platform
Primeify Foodtech,Foodtech,Cloud Kitchen,Noida,"Sequoia, Lightspeed, Blackstone",Series D,$977M,2023-12-23,$977M,"Sequoia, Lightspeed, Blackstone",N/A,Loss narrowing,Leading cloud kitchen platform
Primepoint E-commerce,E-commerce,Baby Products,Gurgaon,"TPG, Accel",Series D,$944M,2023-01-16,$944M,"TPG, Accel",N/A,Market leader,Leading baby products platform
Quickworks Edtech,Edtech,Online Learning,Bengaluru,"Accel, SoftBank",Series C,$239M,2023-02-18,$239M,"Accel, SoftBank",N/A,Market leader,Leading online learning platform
Quickify Retail,Retail,Furniture,Pune,"KKR, Blackstone, Temasek",Series D,$770M,2023-04-06,$770M,"KKR, Blackstone, Temasek",N/A,Loss narrowing,Leading furniture platform
Primepoint Fintech,Fintech,Insurtech,Bengaluru,"TPG, Accel, Temasek",Series C,$401M,2023-06-07,$401M,"TPG, Accel, Temasek",N/A,Profitability,Leading insurtech platform
Networks Mobility,Mobility,Scooter Rentals,Delhi,Blackstone,Series H,$756M,2023-06-11,$756M,Blackstone,N/A,Market leader,Leading scooter rentals platform
Datahub Fintech,Fintech,Wealth Management,Noida,Accel,Series C,$848M,2023-08-16,$848M,Accel,N/A,Loss narrowing,Leading wealth management platform
Easylabs Healthtech,Healthtech,Telemedicine,Noida,"Prosus, Lightspeed",Series C,$768M,2023-08-24,$768M,"Prosus, Lightspeed",N/A,Strong growth,Leading telemedicine platform
Techly Healthtech,Healthtech,AI Diagnostics,Chennai,Tiger Global,Series E,$702M,2023-07-18,$702M,Tiger Global,N/A,Strong growth,Leading ai diagnostics platform
Easyify Services,Services,Beauty Services,Mumbai,"KKR, Sequoia",Series G,$444M,2023-11-26,$444M,"KKR, Sequoia",N/A,Market leader,Leading beauty services platform
Smartster E-commerce,E-commerce,Fashion,Bengaluru,"Blackstone, KKR",Series G,$310M,2023-08-20,$310M,"Blackstone, KKR",N/A,Market leader,Leading fashion platform
Primebase Logistics,Logistics,Supply Chain,Gurgaon,"Temasek, SoftBank, Prosus",Series G,$250M,2023-09-01,$250M,"Temasek, SoftBank, Prosus",N/A,Loss narrowing,Leading supply chain platform
Database Mobility,Mobility,Bike Taxi,Noida,"SoftBank, Tiger Global",Series B,$648M,2023-12-25,$648M,"SoftBank, Tiger Global",N/A,Strong growth,Leading bike taxi platform
Smartly Logistics,Logistics,Trucking,Bengaluru,Tiger Global,Series F,$405M,2023-05-08,$405M,Tiger Global,N/A,Market leader,Leading trucking platform
Infoly Retail,Retail,Beauty & Personal Care,Delhi,SoftBank,Series J,$911M,2023-07-22,$911M,SoftBank,N/A,Strong growth,Leading beauty & personal care platform
Infozone Retail,Retail,Eyewear,Noida,"Sequoia, Lightspeed, Blackstone",Series E,$290M,2023-08-20,$290M,"Sequoia, Lightspeed, Blackstone",N/A,Loss narrowing,Leading eyewear platform
Primepoint Edtech,Edtech,Coding Education,Noida,"Temasek, TPG, Lightspeed",Series B,$643M,2023-06-06,$643M,"Temasek, TPG, Lightspeed",N/A,Strong growth,Leading coding education platform
Goworks Fintech,Fintech,Stock Trading,Mumbai,Temasek,Series D,$217M,2023-09-28,$217M,Temasek,N/A,Market leader,Leading stock trading platform
Dataster Healthtech,Healthtech,Fitness & Wellness,Bengaluru,KKR,Seed,$909M,2023-11-22,$909M,KKR,N/A,Strong growth,Leading fitness & wellness platform
Quickzone Consumer,Consumer Electronics,Audio Devices,Chennai,"Blackstone, Temasek",Series A,$350M,2023-06-12,$350M,"Blackstone, Temasek",N/A,Profitability,Leading audio devices platform
Techpoint Foodtech,Foodtech,Meat Delivery,Pune,Accel,Series C,$220M,2023-12-27,$220M,Accel,N/A,Market leader,Leading meat delivery platform
Smartworks Logistics,Logistics,Supply Chain,Gurgaon,"Sequoia, KKR",Series D,$292M,2023-12-24,$292M,"Sequoia, KKR",N/A,Strong growth,Leading supply chain platform
Smartdrive Consumer,Consumer Electronics,Wearables,Gurgaon,"Temasek, Accel, Blackstone",Series F,$363M,2023-08-11,$363M,"Temasek, Accel, Blackstone",N/A,Loss narrowing,Leading wearables platform
Goster Mobility,Mobility,Bike Taxi,Mumbai,Accel,Series E,$226M,2023-05-18,$226M,Accel,N/A,Market leader,Leading bike taxi platform
Netpoint Consumer,Consumer Electronics,Audio Devices,Hyderabad,"Prosus, TPG",Series H,$726M,2023-08-01,$726M,"Prosus, TPG",N/A,Profitability,Leading audio devices platform
Primely E-commerce,E-commerce,Online Retail,Mumbai,"Temasek, KKR, TPG",Series B,$396M,2023-08-02,$396M,"Temasek, KKR, TPG",N/A,Market leader,Leading online retail platform
Infoify Mobility,Mobility,Electric Vehicles,Delhi,"Temasek, SoftBank",Seed,$889M,2023-07-02,$889M,"Temasek, SoftBank",N/A,Profitability,Leading electric vehicles platform
Nexthub Consumer,Consumer Electronics,Wearables,Gurgaon,"TPG, KKR",Seed,$526M,2023-05-09,$526M,"TPG, KKR",N/A,Market leader,Leading wearables platform
Primelabs Consumer,Consumer Electronics,Smart Home,Delhi,Accel,Series H,$878M,2023-02-24,$878M,Accel,N/A,Market leader,Leading smart home platform
Dataster E-commerce,E-commerce,Baby Products,Bengaluru,Blackstone,Series G,$719M,2023-01-28,$719M,Blackstone,N/A,Strong growth,Leading baby products platform
Gohub Consumer,Consumer Electronics,Audio Devices,Bengaluru,"Accel, Lightspeed, Blackstone",Series D,$533M,2023-04-01,$533M,"Accel, Lightspeed, Blackstone",N/A,Strong growth,Leading audio devices platform
Nextlabs Mobility,Mobility,Electric Vehicles,Mumbai,Temasek,Series J,$852M,2023-07-18,$852M,Temasek,N/A,Profitability,Leading electric vehicles platform
Techworks Consumer,Consumer Electronics,Wearables,Gurgaon,"Lightspeed, Prosus, Accel",Series G,$855M,2023-08-21,$855M,"Lightspeed, Prosus, Accel",N/A,Strong growth,Leading wearables platform
Infolabs Foodtech,Foodtech,Online Food Delivery,Hyderabad,"KKR, Tiger Global",Series H,$254M,2023-01-03,$254M,"KKR, Tiger Global",N/A,Loss narrowing,Leading online food delivery platform
Easyhub Mobility,Mobility,Bike Taxi,Mumbai,"Prosus, Sequoia, Lightspeed",Series C,$934M,2023-07-02,$934M,"Prosus, Sequoia, Lightspeed",N/A,Strong growth,Leading bike taxi platform
Godrive Fintech,Fintech,Wealth Management,Hyderabad,"Tiger Global, Sequoia",Series E,$304M,2023-09-03,$304M,"Tiger Global, Sequoia",N/A,Profitability,Leading wealth management platform
Nextbase Fintech,Fintech,Stock Trading,Gurgaon,"Accel, Sequoia",Series F,$452M,2023-03-01,$452M,"Accel, Sequoia",N/A,Profitability,Leading stock trading platform
Nextzone Logistics,Logistics,Supply Chain,Pune,"SoftBank, Sequoia, Temasek",Series E,$876M,2023-04-03,$876M,"SoftBank, Sequoia, Temasek",N/A,Profitability,Leading supply chain platform
Dataster Consumer,Consumer Electronics,Wearables,Pune,"KKR, Sequoia, Blackstone",Series H,$758M,2023-09-14,$758M,"KKR, Sequoia, Blackstone",N/A,Strong growth,Leading wearables platform
Techpoint Fintech,Fintech,Cryptocurrency,Chennai,"Temasek, Lightspeed",Series J,$740M,2023-11-04,$740M,"Temasek, Lightspeed",N/A,Profitability,Leading cryptocurrency platform
Easylabs E-commerce,E-commerce,Fashion,Hyderabad,Tiger Global,Series J,$438M,2023-10-16,$438M,Tiger Global,N/A,Strong growth,Leading fashion platform
Nextworks Services,Services,Healthcare Services,Chennai,"SoftBank, Temasek, Tiger Global",Series A,$432M,2023-04-26,$432M,"SoftBank, Temasek, Tiger Global",N/A,Market leader,Leading healthcare services platform
Easylabs Fintech,Fintech,Insurtech,Mumbai,"Temasek, SoftBank, Prosus",Series B,$803M,2023-06-13,$803M,"Temasek, SoftBank, Prosus",N/A,Market leader,Leading insurtech platform
Netster Logistics,Logistics,Parcel Delivery,Noida,"Blackstone, KKR, Accel",Series A,$413M,2023-01-13,$413M,"Blackstone, KKR, Accel",N/A,Market leader,Leading parcel delivery platform
Datapoint Consumer,Consumer Electronics,Wearables,Noida,"Tiger Global, Blackstone, Temasek",Series G,$347M,2023-04-14,$347M,"Tiger Global, Blackstone, Temasek",N/A,Loss narrowing,Leading wearables platform
Easybase Services,Services,Healthcare Services,Chennai,"Blackstone, Temasek, Prosus",Series G,$410M,2023-05-25,$410M,"Blackstone, Temasek, Prosus",N/A,Loss narrowing,Leading healthcare services platform
Dataify Fintech,Fintech,Wealth Management,Delhi,"KKR, Prosus, Accel",Series J,$619M,2023-02-06,$619M,"KKR, Prosus, Accel",N/A,Strong growth,Leading wealth management platform
Techify E-commerce,E-commerce,Fashion,Delhi,SoftBank,Series H,$544M,2023-12-10,$544M,SoftBank,N/A,Strong growth,Leading fashion platform
Netster Healthtech,Healthtech,Healthcare Services,Hyderabad,"Blackstone, TPG",Series B,$294M,2023-08-07,$294M,"Blackstone, TPG",N/A,Market leader,Leading healthcare services platform
Techbase Mobility,Mobility,Bike Taxi,Bengaluru,"Tiger Global, Blackstone, KKR",Series E,$692M,2023-05-03,$692M,"Tiger Global, Blackstone, KKR",N/A,Strong growth,Leading bike taxi platform
Nextly Foodtech,Foodtech,Online Food Delivery,Delhi,"TPG, Prosus, Lightspeed",Series G,$936M,2023-09-16,$936M,"TPG, Prosus, Lightspeed",N/A,Profitability,Leading online food delivery platform
Infodrive Fintech,Fintech,Payments,Delhi,Temasek,Seed,$677M,2023-02-19,$677M,Temasek,N/A,Loss narrowing,Leading payments platform
Smartworks Fintech,Fintech,Wealth Management,Mumbai,"Blackstone, Accel",Series F,$340M,2023-09-16,$340M,"Blackstone, Accel",N/A,Market leader,Leading wealth management platform
Easyhub Services,Services,Beauty Services,Chennai,"Sequoia, Tiger Global",Series D,$657M,2023-07-06,$657M,"Sequoia, Tiger Global",N/A,Market leader,Leading beauty services platform
Infoify Consumer,Consumer Electronics,Audio Devices,Bengaluru,"Tiger Global, Lightspeed, Accel",Series J,$804M,2023-05-15,$804M,"Tiger Global, Lightspeed, Accel",N/A,Strong growth,Leading audio devices platform
Quickster Logistics,Logistics,Supply Chain,Noida,"Accel, Lightspeed, Sequoia",Series C,$303M,2023-02-08,$303M,"Accel, Lightspeed, Sequoia",N/A,Market leader,Leading supply chain platform
Quickdrive Logistics,Logistics,Supply Chain,Chennai,"SoftBank, Accel",Series F,$462M,2023-10-26,$462M,"SoftBank, Accel",N/A,Loss narrowing,Leading supply chain platform
Datazone Fintech,Fintech,Wealth Management,Chennai,"KKR, Temasek",Series J,$782M,2023-01-25,$782M,"KKR, Temasek",N/A,Profitability,Leading wealth management platform
Techworks Logistics,Logistics,Supply Chain,Bengaluru,"SoftBank, Temasek, KKR",Series H,$408M,2023-11-15,$408M,"SoftBank, Temasek, KKR",N/A,Profitability,Leading supply chain platform
Smartly Healthtech,Healthtech,Healthcare Services,Delhi,"Tiger Global, Lightspeed",Series H,$511M,2023-02-10,$511M,"Tiger Global, Lightspeed",N/A,Strong growth,Leading healthcare services platform
Smartpoint E-commerce,E-commerce,Baby Products,Hyderabad,"Accel, Sequoia",Series F,$941M,2023-02-19,$941M,"Accel, Sequoia",N/A,Loss narrowing,Leading baby products platform
Infoworks Mobility,Mobility,Ride-Hailing,Hyderabad,Accel,Series F,$653M,2023-11-20,$653M,Accel,N/A,Strong growth,Leading ride-hailing platform
Nextify Consumer,Consumer Electronics,Audio Devices,Bengaluru,Tiger Global,Series C,$811M,2023-08-24,$811M,Tiger Global,N/A,Profitability,Leading audio devices platform
Nextster Services,Services,Home Services,Delhi,"KKR, Sequoia",Series J,$939M,2023-06-20,$939M,"KKR, Sequoia",N/A,Profitability,Leading home services platform
Quickdrive Logistics,Logistics,Supply Chain,Hyderabad,"SoftBank, Sequoia",Series G,$590M,2023-06-20,$590M,"SoftBank, Sequoia",N/A,Strong growth,Leading supply chain platform
Easydrive Mobility,Mobility,Scooter Rentals,Delhi,"Lightspeed, Blackstone",Series B,$828M,2023-06-24,$828M,"Lightspeed, Blackstone",N/A,Profitability,Leading scooter rentals platform
Goify Fintech,Fintech,Lending,Noida,"Accel, Temasek, KKR",Series G,$708M,2023-03-12,$708M,"Accel, Temasek, KKR",N/A,Loss narrowing,Leading lending platform
Nethub Retail,Retail,Beauty & Personal Care,Pune,"Tiger Global, Prosus, TPG",Series B,$702M,2023-03-08,$702M,"Tiger Global, Prosus, TPG",N/A,Strong growth,Leading beauty & personal care platform
Infolabs Fintech,Fintech,Lending,Delhi,Lightspeed,Seed,$410M,2023-06-15,$410M,Lightspeed,N/A,Profitability,Leading lending platform
Easyzone Foodtech,Foodtech,Cloud Kitchen,Bengaluru,"KKR, TPG, SoftBank",Series F,$885M,2023-06-17,$885M,"KKR, TPG, SoftBank",N/A,Strong growth,Leading cloud kitchen platform
Techly Healthtech,Healthtech,Healthcare Services,Delhi,"Prosus, TPG",Series H,$690M,2023-07-05,$690M,"Prosus, TPG",N/A,Strong growth,Leading healthcare services platform
Primeify Edtech,Edtech,Online Learning,Pune,SoftBank,Series A,$342M,2023-04-04,$342M,SoftBank,N/A,Profitability,Leading online learning platform
Easypoint Foodtech,Foodtech,Online Food Delivery,Pune,"Blackstone, Temasek, Tiger Global",Series D,$936M,2023-09-21,$936M,"Blackstone, Temasek, Tiger Global",N/A,Strong growth,Leading online food delivery platform
Primester E-commerce,E-commerce,Fashion,Noida,"Tiger Global, Blackstone, Accel",Series E,$234M,2023-04-21,$234M,"Tiger Global, Blackstone, Accel",N/A,Strong growth,Leading fashion platform
Netlabs Retail,Retail,Furniture,Bengaluru,"Prosus, Sequoia, Blackstone",Series J,$651M,2023-11-19,$651M,"Prosus, Sequoia, Blackstone",N/A,Strong growth,Leading furniture platform
Easyworks Logistics,Logistics,Supply Chain,Mumbai,"Blackstone, TPG, Temasek",Series F,$710M,2023-03-13,$710M,"Blackstone, TPG, Temasek",N/A,Market leader,Leading supply chain platform
Primeify Mobility,Mobility,Ride-Hailing,Noida,"Sequoia, SoftBank, Blackstone",Series A,$592M,2023-09-14,$592M,"Sequoia, SoftBank, Blackstone",N/A,Strong growth,Leading ride-hailing platform
Infoster Logistics,Logistics,Trucking,Chennai,"Temasek, Lightspeed, TPG",Series B,$701M,2023-01-13,$701M,"Temasek, Lightspeed, TPG",N/A,Loss narrowing,Leading trucking platform
Techster Edtech,Edtech,Coding Education,Mumbai,"SoftBank, Sequoia, Lightspeed",Series H,$720M,2023-10-22,$720M,"SoftBank, Sequoia, Lightspeed",N/A,Profitability,Leading coding education platform
Quickdrive E-commerce,E-commerce,Baby Products,Hyderabad,"Temasek, Prosus, SoftBank",Series G,$771M,2023-11-23,$771M,"Temasek, Prosus, SoftBank",N/A,Market leader,Leading baby products platform
Quickbase Services,Services,Beauty Services,Gurgaon,Blackstone,Seed,$569M,2023-10-10,$569M,Blackstone,N/A,Loss narrowing,Leading beauty services platform
Easydrive Healthtech,Healthtech,Fitness & Wellness,Noida,"Temasek, SoftBank",Series J,$540M,2023-09-04,$540M,"Temasek, SoftBank",N/A,Market leader,Leading fitness & wellness platform
Easypoint Mobility,Mobility,Scooter Rentals,Mumbai,"Blackstone, TPG, Temasek",Seed,$409M,2023-09-08,$409M,"Blackstone, TPG, Temasek",N/A,Loss narrowing,Leading scooter rentals platform
Techzone Retail,Retail,Furniture,Noida,Blackstone,Seed,$486M,2023-09-12,$486M,Blackstone,N/A,Market leader,Leading furniture platform
Primezone Edtech,Edtech,Professional Education,Pune,KKR,Series G,$971M,2023-03-21,$971M,KKR,N/A,Profitability,Leading professional education platform
Goworks Retail,Retail,Furniture,Hyderabad,"Accel, Prosus",Series E,$687M,2023-10-27,$687M,"Accel, Prosus",N/A,Strong growth,Leading furniture platform
Dataly E-commerce,E-commerce,Social Commerce,Noida,"Accel, TPG",Series D,$953M,2023-04-08,$953M,"Accel, TPG",N/A,Profitability,Leading social commerce platform
Goster Retail,Retail,Beauty & Personal Care,Chennai,"KKR, Accel, Blackstone",Series E,$597M,2023-12-28,$597M,"KKR, Accel, Blackstone",N/A,Loss narrowing,Leading beauty & personal care platform
Techzone Foodtech,Foodtech,Online Food Delivery,Bengaluru,"SoftBank, Tiger Global, Prosus",Series C,$542M,2023-04-21,$542M,"SoftBank, Tiger Global, Prosus",N/A,Strong growth,Leading online food delivery platform
Golabs Edtech,Edtech,Online Learning,Pune,"Sequoia, TPG, Blackstone",Series D,$739M,2023-01-14,$739M,"Sequoia, TPG, Blackstone",N/A,Loss narrowing,Leading online learning platform
Datahub Services,Services,Home Services,Noida,TPG,Series B,$502M,2023-05-23,$502M,TPG,N/A,Strong growth,Leading home services platform
Goly Services,Services,Healthcare Services,Gurgaon,"SoftBank, Prosus, TPG",Series J,$665M,2023-04-06,$665M,"SoftBank, Prosus, TPG",N/A,Strong growth,Leading healthcare services platform
Smartlabs Consumer,Consumer Electronics,Smart Home,Delhi,Sequoia,Series F,$834M,2023-02-04,$834M,Sequoia,N/A,Market leader,Leading smart home platform
Techify Foodtech,Foodtech,Cloud Kitchen,Hyderabad,"KKR, Sequoia",Seed,$832M,2023-04-16,$832M,"KKR, Sequoia",N/A,Market leader,Leading cloud kitchen platform
Techpoint Foodtech,Foodtech,Meat Delivery,Noida,TPG,Series H,$887M,2023-10-03,$887M,TPG,N/A,Market leader,Leading meat delivery platform
Dataster Mobility,Mobility,Scooter Rentals,Hyderabad,"Sequoia, Prosus",Series E,$278M,2023-11-18,$278M,"Sequoia, Prosus",N/A,Loss narrowing,Leading scooter rentals platform
Gobase Healthtech,Healthtech,Fitness & Wellness,Delhi,"Prosus, SoftBank, KKR",Series B,$742M,2023-02-01,$742M,"Prosus, SoftBank, KKR",N/A,Market leader,Leading fitness & wellness platform
Techster Foodtech,Foodtech,Cloud Kitchen,Delhi,Accel,Series A,$630M,2023-03-02,$630M,Accel,N/A,Profitability,Leading cloud kitchen platform
Netly Healthtech,Healthtech,Healthcare Services,Pune,"KKR, Temasek, SoftBank",Series G,$770M,2023-04-08,$770M,"KKR, Temasek, SoftBank",N/A,Strong growth,Leading healthcare services platform
Techify Consumer,Consumer Electronics,Wearables,Delhi,Sequoia,Series G,$904M,2023-10-12,$904M,Sequoia,N/A,Loss narrowing,Leading wearables platform
Techworks Mobility,Mobility,Bike Taxi,Delhi,Blackstone,Series G,$304M,2023-07-07,$304M,Blackstone,N/A,Strong growth,Leading bike taxi platform
Techster Healthtech,Healthtech,AI Diagnostics,Chennai,"Tiger Global, Temasek, KKR",Series B,$548M,2023-07-04,$548M,"Tiger Global, Temasek, KKR",N/A,Profitability,Leading ai diagnostics platform
Nextdrive Healthtech,Healthtech,Telemedicine,Delhi,"Prosus, Blackstone, SoftBank",Series A,$621M,2023-05-13,$621M,"Prosus, Blackstone, SoftBank",N/A,Loss narrowing,Leading telemedicine platform
Infoster Logistics,Logistics,Supply Chain,Gurgaon,Accel,Series D,$815M,2023-08-03,$815M,Accel,N/A,Loss narrowing,Leading supply chain platform
Netify Retail,Retail,Furniture,Mumbai,"KKR, Accel, Prosus",Seed,$926M,2023-01-11,$926M,"KKR, Accel, Prosus",N/A,Loss narrowing,Leading furniture platform
Netpoint Mobility,Mobility,Bike Taxi,Hyderabad,"Tiger Global, Prosus, KKR",Series C,$580M,2023-08-26,$580M,"Tiger Global, Prosus, KKR",N/A,Loss narrowing,Leading bike taxi platform
Quickify Mobility,Mobility,Ride-Hailing,Chennai,"Temasek, Lightspeed",Series H,$350M,2023-05-16,$350M,"Temasek, Lightspeed",N/A,Market leader,Leading ride-hailing platform
Smartdrive Foodtech,Foodtech,Meal Kits,Bengaluru,"Accel, Tiger Global",Series J,$891M,2023-01-09,$891M,"Accel, Tiger Global",N/A,Profitability,Leading meal kits platform
Goly Mobility,Mobility,Scooter Rentals,Pune,"Prosus, Accel, TPG",Series G,$584M,2023-12-08,$584M,"Prosus, Accel, TPG",N/A,Loss narrowing,Leading scooter rentals platform
Quickify E-commerce,E-commerce,Online Retail,Noida,KKR,Series F,$542M,2023-03-26,$542M,KKR,N/A,Market leader,Leading online retail platform
Techdrive Retail,Retail,Beauty & Personal Care,Hyderabad,"TPG, Sequoia",Series H,$973M,2023-02-01,$973M,"TPG, Sequoia",N/A,Loss narrowing,Leading beauty & personal care platform
Netster E-commerce,E-commerce,Social Commerce,Hyderabad,"Sequoia, Prosus",Series A,$651M,2023-12-24,$651M,"Sequoia, Prosus",N/A,Strong growth,Leading social commerce platform
Gopoint Retail,Retail,Furniture,Noida,"TPG, Prosus",Series J,$709M,2023-05-17,$709M,"TPG, Prosus",N/A,Strong growth,Leading furniture platform
Quickpoint Consumer,Consumer Electronics,Smart Home,Pune,"TPG, Sequoia, SoftBank",Series D,$530M,2023-07-06,$530M,"TPG, Sequoia, SoftBank",N/A,Profitability,Leading smart home platform
Nextlabs Consumer,Consumer Electronics,Audio Devices,Bengaluru,"TPG, Tiger Global, SoftBank",Series E,$893M,2023-10-02,$893M,"TPG, Tiger Global, SoftBank",N/A,Profitability,Leading audio devices platform
Netify Mobility,Mobility,Ride-Hailing,Hyderabad,Temasek,Series F,$380M,2023-07-21,$380M,Temasek,N/A,Profitability,Leading ride-hailing platform
Techlabs Foodtech,Foodtech,Meal Kits,Hyderabad,"TPG, KKR, Accel",Series G,$330M,2023-11-26,$330M,"TPG, KKR, Accel",N/A,Market leader,Leading meal kits platform
Infoify Foodtech,Foodtech,Cloud Kitchen,Noida,"Blackstone, Lightspeed, Accel",Series H,$723M,2023-08-27,$723M,"Blackstone, Lightspeed, Accel",N/A,Strong growth,Leading cloud kitchen platform
Primeify Logistics,Logistics,Parcel Delivery,Chennai,KKR,Series G,$871M,2023-01-25,$871M,KKR,N/A,Strong growth,Leading parcel delivery platform
Gobase Consumer,Consumer Electronics,Audio Devices,Bengaluru,"Sequoia, Tiger Global, Temasek",Series D,$595M,2023-05-27,$595M,"Sequoia, Tiger Global, Temasek",N/A,Loss narrowing,Leading audio devices platform
Nethub Edtech,Edtech,Coding Education,Noida,Accel,Series A,$938M,2023-02-21,$938M,Accel,N/A,Loss narrowing,Leading coding education platform
Nexthub Fintech,Fintech,Payments,Noida,SoftBank,Series A,$441M,2023-04-01,$441M,SoftBank,N/A,Loss narrowing,Leading payments platform
Primepoint Edtech,Edtech,Online Learning,Pune,"Temasek, KKR, Accel",Series G,$994M,2023-11-28,$994M,"Temasek, KKR, Accel",N/A,Profitability,Leading online learning platform
Nextzone E-commerce,E-commerce,Online Retail,Chennai,"Blackstone, Lightspeed",Series H,$560M,2023-04-16,$560M,"Blackstone, Lightspeed",N/A,Profitability,Leading online retail platform
Quickworks Fintech,Fintech,Payments,Mumbai,"Accel, Sequoia",Series D,$998M,2023-01-23,$998M,"Accel, Sequoia",N/A,Loss narrowing,Leading payments platform
Infoify Services,Services,Beauty Services,Mumbai,Temasek,Series A,$503M,2023-04-08,$503M,Temasek,N/A,Profitability,Leading beauty services platform
Quickzone E-commerce,E-commerce,Baby Products,Noida,"Prosus, Sequoia",Series E,$540M,2023-12-09,$540M,"Prosus, Sequoia",N/A,Loss narrowing,Leading baby products platform
Datahub Retail,Retail,Beauty & Personal Care,Hyderabad,Temasek,Series B,$264M,2023-07-23,$264M,Temasek,N/A,Strong growth,Leading beauty & personal care platform
Techdrive Healthtech,Healthtech,Telemedicine,Delhi,"Prosus, Accel",Series J,$767M,2023-04-06,$767M,"Prosus, Accel",N/A,Profitability,Leading telemedicine platform
Infoly Edtech,Edtech,Online Learning,Chennai,Temasek,Series H,$399M,2023-06-18,$399M,Temasek,N/A,Profitability,Leading online learning platform
Techdrive Mobility,Mobility,Bike Taxi,Mumbai,Sequoia,Series A,$397M,2023-03-28,$397M,Sequoia,N/A,Market leader,Leading bike taxi platform
Infoster E-commerce,E-commerce,Grocery,Mumbai,"Tiger Global, SoftBank, Accel",Series H,$316M,2023-11-09,$316M,"Tiger Global, SoftBank, Accel",N/A,Market leader,Leading grocery platform
Nextzone Foodtech,Foodtech,Cloud Kitchen,Gurgaon,Temasek,Series H,$899M,2023-05-27,$899M,Temasek,N/A,Strong growth,Leading cloud kitchen platform
Techdrive Fintech,Fintech,Payments,Chennai,Temasek,Series B,$220M,2023-04-05,$220M,Temasek,N/A,Strong growth,Leading payments platform
Quickly Edtech,Edtech,Professional Education,Chennai,"Blackstone, Sequoia",Series J,$332M,2023-05-08,$332M,"Blackstone, Sequoia",N/A,Strong growth,Leading professional education platform
Goworks Edtech,Edtech,Coding Education,Bengaluru,"Prosus, SoftBank",Series J,$880M,2023-12-06,$880M,"Prosus, SoftBank",N/A,Loss narrowing,Leading coding education platform
Techlabs Logistics,Logistics,Supply Chain,Delhi,Tiger Global,Series E,$697M,2023-07-12,$697M,Tiger Global,N/A,Market leader,Leading supply chain platform
Primeworks Edtech,Edtech,Professional Education,Pune,"Accel, SoftBank",Series G,$566M,2023-11-16,$566M,"Accel, SoftBank",N/A,Strong growth,Leading professional education platform
Quickbase Logistics,Logistics,Supply Chain,Mumbai,"Temasek, Tiger Global",Series H,$708M,2023-01-18,$708M,"Temasek, Tiger Global",N/A,Strong growth,Leading supply chain platform
Netlabs Logistics,Logistics,Parcel Delivery,Bengaluru,"TPG, Temasek",Seed,$786M,2023-11-21,$786M,"TPG, Temasek",N/A,Loss narrowing,Leading parcel delivery platform
Gobase Services,Services,Home Services,Hyderabad,"Accel, TPG",Series A,$999M,2023-05-22,$999M,"Accel, TPG",N/A,Profitability,Leading home services platform
Godrive Retail,Retail,Furniture,Pune,"TPG, Prosus, Lightspeed",Series C,$787M,2023-08-14,$787M,"TPG, Prosus, Lightspeed",N/A,Profitability,Leading furniture platform
Dataly Retail,Retail,Furniture,Noida,"Tiger Global, Blackstone, Accel",Series A,$394M,2023-04-21,$394M,"Tiger Global, Blackstone, Accel",N/A,Market leader,Leading furniture platform
Infozone Foodtech,Foodtech,Online Food Delivery,Gurgaon,Blackstone,Series D,$838M,2023-07-07,$838M,Blackstone,N/A,Strong growth,Leading online food delivery platform
Infolabs E-commerce,E-commerce,Baby Products,Gurgaon,KKR,Series H,$978M,2023-06-05,$978M,KKR,N/A,Market leader,Leading baby products platform
Primehub Foodtech,Foodtech,Cloud Kitchen,Chennai,"TPG, Prosus",Series A,$788M,2023-02-15,$788M,"TPG, Prosus",N/A,Loss narrowing,Leading cloud kitchen platform
Easydrive Healthtech,Healthtech,AI Diagnostics,Delhi,Accel,Seed,$398M,2023-05-04,$398M,Accel,N/A,Strong growth,Leading ai diagnostics platform
Smartify Edtech,Edtech,Professional Education,Delhi,"Temasek, Tiger Global, TPG",Series H,$224M,2023-11-17,$224M,"Temasek, Tiger Global, TPG",N/A,Loss narrowing,Leading professional education platform
Primedrive Mobility,Mobility,Electric Vehicles,Pune,"SoftBank, Tiger Global",Series J,$325M,2023-04-02,$325M,"SoftBank, Tiger Global",N/A,Profitability,Leading electric vehicles platform
Techster Foodtech,Foodtech,Meal Kits,Chennai,"Accel, Sequoia",Series H,$923M,2023-10-21,$923M,"Accel, Sequoia",N/A,Market leader,Leading meal kits platform
Smartpoint Healthtech,Healthtech,Fitness & Wellness,Bengaluru,"SoftBank, Prosus, Accel",Series B,$376M,2023-06-21,$376M,"SoftBank, Prosus, Accel",N/A,Market leader,Leading fitness & wellness platform
Techdrive Foodtech,Foodtech,Meat Delivery,Gurgaon,Lightspeed,Series J,$941M,2023-06-11,$941M,Lightspeed,N/A,Loss narrowing,Leading meat delivery platform
Netify Edtech,Edtech,Online Learning,Hyderabad,Sequoia,Series F,$381M,2023-02-16,$381M,Sequoia,N/A,Loss narrowing,Leading online learning platform
Godrive Fintech,Fintech,Wealth Management,Noida,"Prosus, Accel, KKR",Series G,$903M,2023-04-26,$903M,"Prosus, Accel, KKR",N/A,Market leader,Leading wealth management platform
Dataworks Retail,Retail,Eyewear,Chennai,"Sequoia, Blackstone, Temasek",Series F,$219M,2023-11-15,$219M,"Sequoia, Blackstone, Temasek",N/A,Profitability,Leading eyewear platform
Techzone Foodtech,Foodtech,Meal Kits,Hyderabad,"Lightspeed, Accel",Series D,$825M,2023-03-16,$825M,"Lightspeed, Accel",N/A,Market leader,Leading meal kits platform
Infobase E-commerce,E-commerce,Baby Products,Delhi,"Prosus, Temasek, Sequoia",Series E,$852M,2023-09-20,$852M,"Prosus, Temasek, Sequoia",N/A,Loss narrowing,Leading baby products platform
Quickly Foodtech,Foodtech,Meal Kits,Bengaluru,"Prosus, TPG",Series B,$465M,2023-11-05,$465M,"Prosus, TPG",N/A,Profitability,Leading meal kits platform
Smarthub Fintech,Fintech,Lending,Hyderabad,"Blackstone, SoftBank, Lightspeed",Series C,$824M,2023-07-25,$824M,"Blackstone, SoftBank, Lightspeed",N/A,Profitability,Leading lending platform
Easyworks Edtech,Edtech,Online Learning,Gurgaon,SoftBank,Series F,$451M,2023-03-21,$451M,SoftBank,N/A,Market leader,Leading online learning platform
Datahub Fintech,Fintech,Stock Trading,Mumbai,"SoftBank, KKR",Series G,$649M,2023-11-22,$649M,"SoftBank, KKR",N/A,Profitability,Leading stock trading platform
Networks Fintech,Fintech,Cryptocurrency,Gurgaon,Prosus,Series G,$594M,2023-10-24,$594M,Prosus,N/A,Loss narrowing,Leading cryptocurrency platform
Quickdrive Consumer,Consumer Electronics,Audio Devices,Chennai,"Lightspeed, Accel, KKR",Series C,$886M,2023-08-09,$886M,"Lightspeed, Accel, KKR",N/A,Market leader,Leading audio devices platform
Techify Fintech,Fintech,Cryptocurrency,Gurgaon,"Blackstone, SoftBank, KKR",Series D,$299M,2023-06-04,$299M,"Blackstone, SoftBank, KKR",N/A,Market leader,Leading cryptocurrency platform
Datahub Logistics,Logistics,Trucking,Hyderabad,SoftBank,Series E,$920M,2023-01-04,$920M,SoftBank,N/A,Profitability,Leading trucking platform
Networks Fintech,Fintech,Insurtech,Delhi,Sequoia,Series H,$618M,2023-11-15,$618M,Sequoia,N/A,Market leader,Leading insurtech platform
Quickworks Fintech,Fintech,Payments,Hyderabad,"KKR, TPG",Series J,$806M,2023-05-20,$806M,"KKR, TPG",N/A,Market leader,Leading payments platform
Nextpoint Edtech,Edtech,Coding Education,Gurgaon,"Sequoia, Temasek, Tiger Global",Series H,$432M,2023-08-21,$432M,"Sequoia, Temasek, Tiger Global",N/A,Profitability,Leading coding education platform
Primezone Fintech,Fintech,Stock Trading,Bengaluru,"Temasek, KKR, SoftBank",Series C,$353M,2023-09-23,$353M,"Temasek, KKR, SoftBank",N/A,Profitability,Leading stock trading platform
Godrive Consumer,Consumer Electronics,Smart Home,Bengaluru,"Lightspeed, Temasek, Prosus",Series E,$731M,2023-12-10,$731M,"Lightspeed, Temasek, Prosus",N/A,Profitability,Leading smart home platform
Easybase Healthtech,Healthtech,Healthcare Services,Delhi,Prosus,Series H,$908M,2023-09-13,$908M,Prosus,N/A,Strong growth,Leading healthcare services platform
Nexthub Healthtech,Healthtech,AI Diagnostics,Noida,TPG,Series G,$523M,2023-12-20,$523M,TPG,N/A,Profitability,Leading ai diagnostics platform
Primelabs Logistics,Logistics,Trucking,Pune,"Prosus, Temasek",Series G,$436M,2023-11-11,$436M,"Prosus, Temasek",N/A,Strong growth,Leading trucking platform
Smartpoint Edtech,Edtech,Coding Education,Gurgaon,"SoftBank, Blackstone",Series C,$790M,2023-08-02,$790M,"SoftBank, Blackstone",N/A,Market leader,Leading coding education platform
Smarthub E-commerce,E-commerce,Social Commerce,Noida,"Lightspeed, Accel",Series C,$335M,2023-12-22,$335M,"Lightspeed, Accel",N/A,Loss narrowing,Leading social commerce platform
Easyzone Foodtech,Foodtech,Online Food Delivery,Pune,Accel,Series J,$242M,2023-02-21,$242M,Accel,N/A,Loss narrowing,Leading online food delivery platform
Netbase Fintech,Fintech,Cryptocurrency,Delhi,"Prosus, SoftBank, Lightspeed",Seed,$627M,2023-01-13,$627M,"Prosus, SoftBank, Lightspeed",N/A,Strong growth,Leading cryptocurrency platform
Gobase Retail,Retail,Furniture,Pune,SoftBank,Series D,$725M,2023-10-05,$725M,SoftBank,N/A,Profitability,Leading furniture platform
Easypoint Retail,Retail,Furniture,Pune,"Blackstone, Sequoia, Prosus",Series B,$842M,2023-04-06,$842M,"Blackstone, Sequoia, Prosus",N/A,Strong growth,Leading furniture platform
Datahub Fintech,Fintech,Wealth Management,Gurgaon,"Sequoia, Temasek",Series E,$447M,2023-09-03,$447M,"Sequoia, Temasek",N/A,Profitability,Leading wealth management platform
Primeify Logistics,Logistics,Parcel Delivery,Pune,SoftBank,Series J,$521M,2023-03-16,$521M,SoftBank,N/A,Profitability,Leading parcel delivery platform
Quickbase Services,Services,Beauty Services,Bengaluru,"Sequoia, Blackstone",Series C,$675M,2023-05-26,$675M,"Sequoia, Blackstone",N/A,Profitability,Leading beauty services platform
Easypoint Edtech,Edtech,Professional Education,Gurgaon,Temasek,Series B,$464M,2023-10-15,$464M,Temasek,N/A,Loss narrowing,Leading professional education platform
Nethub Retail,Retail,Eyewear,Hyderabad,"Lightspeed, TPG, Prosus",Series E,$558M,2023-04-14,$558M,"Lightspeed, TPG, Prosus",N/A,Strong growth,Leading eyewear platform
Easylabs Edtech,Edtech,Online Learning,Hyderabad,"Tiger Global, Sequoia, Prosus",Series J,$619M,2023-11-16,$619M,"Tiger Global, Sequoia, Prosus",N/A,Loss narrowing,Leading online learning platform
Primebase Mobility,Mobility,Scooter Rentals,Hyderabad,KKR,Series D,$515M,2023-03-05,$515M,KKR,N/A,Market leader,Leading scooter rentals platform
Nethub Mobility,Mobility,Scooter Rentals,Pune,TPG,Series A,$541M,2023-03-26,$541M,TPG,N/A,Strong growth,Leading scooter rentals platform
Easypoint Fintech,Fintech,Wealth Management,Chennai,Lightspeed,Seed,$303M,2023-11-01,$303M,Lightspeed,N/A,Market leader,Leading wealth management platform
Datapoint Foodtech,Foodtech,Meal Kits,Gurgaon,"Prosus, Temasek, KKR",Series C,$466M,2023-12-25,$466M,"Prosus, Temasek, KKR",N/A,Loss narrowing,Leading meal kits platform
Quickzone Fintech,Fintech,Stock Trading,Hyderabad,Tiger Global,Series B,$685M,2023-04-19,$685M,Tiger Global,N/A,Strong growth,Leading stock trading platform
Nextbase Retail,Retail,Beauty & Personal Care,Bengaluru,"Tiger Global, Prosus, Lightspeed",Series H,$412M,2023-07-26,$412M,"Tiger Global, Prosus, Lightspeed",N/A,Profitability,Leading beauty & personal care platform
Smartdrive Retail,Retail,Eyewear,Bengaluru,"Prosus, KKR",Series H,$861M,2023-09-01,$861M,"Prosus, KKR",N/A,Strong growth,Leading eyewear platform
Dataworks Foodtech,Foodtech,Meal Kits,Mumbai,"SoftBank, Prosus, Temasek",Series G,$569M,2023-03-13,$569M,"SoftBank, Prosus, Temasek",N/A,Market leader,Leading meal kits platform
Quickify Foodtech,Foodtech,Meal Kits,Delhi,"TPG, Lightspeed, SoftBank",Series C,$572M,2023-09-23,$572M,"TPG, Lightspeed, SoftBank",N/A,Profitability,Leading meal kits platform
Smarthub Fintech,Fintech,Lending,Bengaluru,"Lightspeed, Sequoia",Series B,$554M,2023-05-20,$554M,"Lightspeed, Sequoia",N/A,Loss narrowing,Leading lending platform
Nextlabs Services,Services,Beauty Services,Bengaluru,"Temasek, TPG",Series G,$946M,2023-10-25,$946M,"Temasek, TPG",N/A,Strong growth,Leading beauty services platform
Easyster Retail,Retail,Eyewear,Hyderabad,"Accel, Blackstone, KKR",Series A,$798M,2023-08-09,$798M,"Accel, Blackstone, KKR",N/A,Profitability,Leading eyewear platform
Easypoint Mobility,Mobility,Bike Taxi,Noida,TPG,Series A,$848M,2023-09-26,$848M,TPG,N/A,Market leader,Leading bike taxi platform
Primelabs Retail,Retail,Eyewear,Chennai,"Blackstone, Prosus",Series J,$828M,2023-01-25,$828M,"Blackstone, Prosus",N/A,Market leader,Leading eyewear platform
Primely Mobility,Mobility,Electric Vehicles,Gurgaon,KKR,Series E,$478M,2023-06-09,$478M,KKR,N/A,Strong growth,Leading electric vehicles platform
Smartly Healthtech,Healthtech,Online Pharmacy,Noida,"Tiger Global, TPG, Blackstone",Series B,$445M,2023-06-05,$445M,"Tiger Global, TPG, Blackstone",N/A,Market leader,Leading online pharmacy platform
Netpoint Retail,Retail,Eyewear,Pune,TPG,Series G,$319M,2023-01-02,$319M,TPG,N/A,Strong growth,Leading eyewear platform
Easyster Retail,Retail,Eyewear,Delhi,Blackstone,Series C,$641M,2023-05-09,$641M,Blackstone,N/A,Strong growth,Leading eyewear platform
Primely Healthtech,Healthtech,Online Pharmacy,Gurgaon,"SoftBank, Lightspeed, Tiger Global",Series D,$795M,2023-09-26,$795M,"SoftBank, Lightspeed, Tiger Global",N/A,Profitability,Leading online pharmacy platform
Primezone Retail,Retail,Eyewear,Chennai,"Tiger Global, Prosus, Temasek",Seed,$654M,2023-03-18,$654M,"Tiger Global, Prosus, Temasek",N/A,Market leader,Leading eyewear platform
Primezone E-commerce,E-commerce,Fashion,Mumbai,"Sequoia, Temasek, Accel",Series C,$967M,2023-09-17,$967M,"Sequoia, Temasek, Accel",N/A,Market leader,Leading fashion platform
Netdrive Foodtech,Foodtech,Meat Delivery,Noida,"TPG, Blackstone",Series F,$242M,2023-05-18,$242M,"TPG, Blackstone",N/A,Market leader,Leading meat delivery platform
Networks Fintech,Fintech,Insurtech,Gurgaon,Prosus,Series H,$467M,2023-01-11,$467M,Prosus,N/A,Market leader,Leading insurtech platform
Quickify Mobility,Mobility,Electric Vehicles,Bengaluru,"TPG, Accel, Blackstone",Series H,$950M,2023-07-10,$950M,"TPG, Accel, Blackstone",N/A,Market leader,Leading electric vehicles platform
Easyhub Fintech,Fintech,Insurtech,Gurgaon,Temasek,Series F,$407M,2023-03-11,$407M,Temasek,N/A,Market leader,Leading insurtech platform
Nextster Healthtech,Healthtech,Healthcare Services,Hyderabad,"Tiger Global, Sequoia",Series H,$292M,2023-06-22,$292M,"Tiger Global, Sequoia",N/A,Loss narrowing,Leading healthcare services platform
Dataify Fintech,Fintech,Insurtech,Bengaluru,"Sequoia, Lightspeed, Tiger Global",Series H,$428M,2023-08-07,$428M,"Sequoia, Lightspeed, Tiger Global",N/A,Loss narrowing,Leading insurtech platform
Nextdrive Mobility,Mobility,Ride-Hailing,Pune,"Temasek, SoftBank, Accel",Series C,$622M,2023-01-14,$622M,"Temasek, SoftBank, Accel",N/A,Profitability,Leading ride-hailing platform
